{
    "action_history_size": 0,
    "active_agents": [
        "reflex"
    ],
    "control_kpis": {
        "control_cost": 1.1393658320418851,
        "stability_margin": 0.774762863336701
    },
    "mttr": 17.521905284962504,
    "network_kpis": {
        "jitter_std": 5.780787252778227,
        "latency_p95": 15.388241906786064
    },
    "num_recoveries": 2,
    "plant_count": 2,
    "recovery_active": false,
    "system_state": [
        -0.3703032493712843,
        0.1470575164737214,
        -0.8688641738559796,
        0.5469949705245074,
        0.2742502282216063,
        0.5162343584185135,
        0.07718704740048728,
        -0.2928508764541691,
        -0.1748320004171488,
        -0.3901463303549598
    ]
}