{
    "action_history_size": 0,
    "active_agents": [
        "reflex"
    ],
    "control_kpis": {
        "control_cost": 2.68742759917953,
        "stability_margin": 0.8272777176455232
    },
    "mttr": 7.522549792188355,
    "network_kpis": {
        "jitter_std": 1.4674160300170422,
        "latency_p95": 15.756335291627543
    },
    "num_recoveries": 5,
    "plant_count": 2,
    "recovery_active": true,
    "system_state": [
        -0.0648700958677545,
        -0.010326641539098942,
        -0.04611732953320121,
        -0.31301217979023993,
        0.20681645659631923,
        -0.09129081164353639,
        -0.24615261086665208,
        -0.15142669930961195,
        0.08290846827736134,
        -0.18252605950310832
    ]
}