{
    "action_history_size": 0,
    "active_agents": [
        "reflex"
    ],
    "control_kpis": {
        "control_cost": 1.4469036895452734,
        "stability_margin": 0.8742554884579823
    },
    "mttr": 0.2918393905017993,
    "network_kpis": {
        "jitter_std": 2.2646502366371903,
        "latency_p95": 12.66183737272236
    },
    "num_recoveries": 3,
    "plant_count": 2,
    "recovery_active": true,
    "system_state": [
        -0.4496416957032263,
        0.08612176463754062,
        -0.8128690117903563,
        0.49060566704162023,
        0.25698591621153216,
        0.4926193533037011,
        0.11144669274767695,
        -0.41418326451173515,
        -0.34599294946994974,
        -0.6525663972758989
    ]
}