{
    "action_history_size": 0,
    "active_agents": [
        "reflex"
    ],
    "control_kpis": {
        "control_cost": 0.10146086814478593,
        "stability_margin": 0.7966355239950567
    },
    "mttr": 5.643461653954918,
    "network_kpis": {
        "jitter_std": 4.227203133258992,
        "latency_p95": 16.4651661189352
    },
    "num_recoveries": 2,
    "plant_count": 2,
    "recovery_active": false,
    "system_state": [
        -0.3614633947976999,
        0.004677784812608622,
        -0.6221458942422212,
        0.388505082549619,
        0.10745549708540698,
        0.412546575991976,
        0.24774239561317923,
        -0.1785840711413247,
        -0.35320603869422584,
        -0.5205365035961611
    ]
}