{
    "action_history_size": 0,
    "active_agents": [
        "reflex"
    ],
    "control_kpis": {
        "control_cost": 0.8451736207672528,
        "stability_margin": 0.7537388051791185
    },
    "mttr": 5.294910856382056,
    "network_kpis": {
        "jitter_std": 5.0723198592119365,
        "latency_p95": 23.734036016486
    },
    "num_recoveries": 5,
    "plant_count": 2,
    "recovery_active": true,
    "system_state": [
        -0.010554754074882265,
        -0.10546464018275185,
        0.19889537321958553,
        -0.011821846500616242,
        0.0904997413172638,
        0.15166677559740355,
        0.3295107324806697,
        -0.3441276928318752,
        0.1803897467440917,
        -0.37275420413081245
    ]
}